Reference,Distorted,Metric,Metric_val,Mask
Reference,Distorted,Metric,Metric_val,Mask
Reference,Distorted,Metric,Metric_val,Mask
Reference,Distorted,Metric,Metric_val,Mask
Reference,Distorted,Metric,Metric_val,Mask
Reference,Distorted,Metric,Metric_val,Mask
Reference,Distorted,Metric,Metric_val,Mask
Reference,Distorted,Metric,Metric_val,Mask
Reference,Distorted,Metric,Metric_val,Mask
enc_res_x265_mv_offline_2k_blue_hair_28.mp4,enc_res_kingsoft_v1_mv_offline_2k_v1_blue_hair_33.mp4,psnr,46.001,True
enc_res_x265_mv_offline_2k_blue_hair_28.mp4,enc_res_kingsoft_v1_mv_offline_2k_v1_blue_hair_38.mp4,psnr,44.773,True
enc_res_x265_mv_offline_2k_blue_hair_28.mp4,enc_res_kingsoft_v1_mv_offline_2k_v1_blue_hair_43.mp4,psnr,42.979,True
enc_res_x265_mv_offline_2k_blue_hair_28.mp4,enc_res_kingsoft_v2_mv_offline_2k_blue_hair_33.mp4,psnr,43.132,True
enc_res_x265_mv_offline_2k_blue_hair_28.mp4,enc_res_kingsoft_v2_mv_offline_2k_blue_hair_39.mp4,psnr,42.621,True
enc_res_x265_mv_offline_2k_blue_hair_28.mp4,enc_res_kingsoft_v2_mv_offline_2k_blue_hair_45.mp4,psnr,41.427,True
enc_res_x265_mv_offline_2k_blue_hair_28.mp4,enc_res_kingsoft_v3_mv_offline_2k_blue_hair_28.mp4,psnr,46.383,True
enc_res_x265_mv_offline_2k_blue_hair_28.mp4,enc_res_kingsoft_v3_mv_offline_2k_blue_hair_33.mp4,psnr,44.472,True
enc_res_x265_mv_offline_2k_blue_hair_28.mp4,enc_res_kingsoft_v3_mv_offline_2k_blue_hair_38.mp4,psnr,41.917,True
enc_res_x265_mv_offline_2k_blue_hair_28.mp4,enc_res_svt_av1_mv_offline_2k_blue_hair_40.mp4,psnr,46.05,True
enc_res_x265_mv_offline_2k_blue_hair_28.mp4,enc_res_svt_av1_mv_offline_2k_blue_hair_48.mp4,psnr,44.858,True
enc_res_x265_mv_offline_2k_blue_hair_28.mp4,enc_res_svt_av1_mv_offline_2k_blue_hair_58.mp4,psnr,42.413,True
enc_res_x265_mv_offline_2k_blue_hair_28.mp4,enc_res_svt_hevc_mv_offline_2k_blue_hair_28.mp4,psnr,45.385,True
enc_res_x265_mv_offline_2k_blue_hair_28.mp4,enc_res_svt_hevc_mv_offline_2k_blue_hair_33.mp4,psnr,43.091,True
enc_res_x265_mv_offline_2k_blue_hair_28.mp4,enc_res_svt_hevc_mv_offline_2k_blue_hair_38.mp4,psnr,40.596,True
enc_res_x265_mv_offline_2k_blue_hair_28.mp4,enc_res_svt_vp9_mv_offline_2k_blue_hair_45.mp4,psnr,44.969,True
enc_res_x265_mv_offline_2k_blue_hair_28.mp4,enc_res_svt_vp9_mv_offline_2k_blue_hair_54.mp4,psnr,43.009,True
enc_res_x265_mv_offline_2k_blue_hair_28.mp4,enc_res_svt_vp9_mv_offline_2k_blue_hair_62.mp4,psnr,40.335,True
enc_res_x265_mv_offline_2k_blue_hair_28.mp4,enc_res_x264_mv_offline_2k_blue_hair_31.mp4,psnr,43.651,True
enc_res_x265_mv_offline_2k_blue_hair_28.mp4,enc_res_x264_mv_offline_2k_blue_hair_36.mp4,psnr,40.749,True
enc_res_x265_mv_offline_2k_blue_hair_28.mp4,enc_res_x264_mv_offline_2k_blue_hair_44.mp4,psnr,35.349,True
enc_res_x265_mv_offline_2k_boys_30.mp4,enc_res_kingsoft_v1_mv_offline_2k_v1_boys_33.mp4,psnr,41.927,True
enc_res_x265_mv_offline_2k_boys_30.mp4,enc_res_kingsoft_v1_mv_offline_2k_v1_boys_39.mp4,psnr,40.1,True
enc_res_x265_mv_offline_2k_boys_30.mp4,enc_res_kingsoft_v1_mv_offline_2k_v1_boys_44.mp4,psnr,37.842,True
enc_res_x265_mv_offline_2k_boys_30.mp4,enc_res_kingsoft_v2_mv_offline_2k_boys_32.mp4,psnr,37.703,True
enc_res_x265_mv_offline_2k_boys_30.mp4,enc_res_kingsoft_v2_mv_offline_2k_boys_38.mp4,psnr,37.085,True
enc_res_x265_mv_offline_2k_boys_30.mp4,enc_res_kingsoft_v2_mv_offline_2k_boys_44.mp4,psnr,35.974,True
enc_res_x265_mv_offline_2k_boys_30.mp4,enc_res_kingsoft_v3_mv_offline_2k_boys_29.mp4,psnr,42.268,True
enc_res_x265_mv_offline_2k_boys_30.mp4,enc_res_kingsoft_v3_mv_offline_2k_boys_34.mp4,psnr,40.436,True
enc_res_x265_mv_offline_2k_boys_30.mp4,enc_res_kingsoft_v3_mv_offline_2k_boys_39.mp4,psnr,37.807,True
enc_res_x265_mv_offline_2k_boys_30.mp4,enc_res_svt_av1_mv_offline_2k_boys_44.mp4,psnr,41.95,True
enc_res_x265_mv_offline_2k_boys_30.mp4,enc_res_svt_av1_mv_offline_2k_boys_54.mp4,psnr,40.045,True
enc_res_x265_mv_offline_2k_boys_30.mp4,enc_res_svt_av1_mv_offline_2k_boys_62.mp4,psnr,37.434,True
enc_res_x265_mv_offline_2k_boys_30.mp4,enc_res_svt_hevc_mv_offline_2k_boys_31.mp4,psnr,40.512,True
enc_res_x265_mv_offline_2k_boys_30.mp4,enc_res_svt_hevc_mv_offline_2k_boys_36.mp4,psnr,38.112,True
enc_res_x265_mv_offline_2k_boys_30.mp4,enc_res_svt_hevc_mv_offline_2k_boys_40.mp4,psnr,36.057,True
enc_res_x265_mv_offline_2k_boys_30.mp4,enc_res_svt_vp9_mv_offline_2k_boys_53.mp4,psnr,38.947,True
enc_res_x265_mv_offline_2k_boys_30.mp4,enc_res_svt_vp9_mv_offline_2k_boys_61.mp4,psnr,36.639,True
enc_res_x265_mv_offline_2k_boys_30.mp4,enc_res_svt_vp9_mv_offline_2k_boys_63.mp4,psnr,35.378,True
enc_res_x265_mv_offline_2k_boys_30.mp4,enc_res_x264_mv_offline_2k_boys_30.mp4,psnr,39.245,True
enc_res_x265_mv_offline_2k_boys_30.mp4,enc_res_x264_mv_offline_2k_boys_35.mp4,psnr,36.572,True
enc_res_x265_mv_offline_2k_boys_30.mp4,enc_res_x264_mv_offline_2k_boys_41.mp4,psnr,33.079,True
enc_res_x265_mv_offline_2k_game_streamer_33.mp4,enc_res_kingsoft_v1_mv_offline_2k_v1_game_streamer_35.mp4,psnr,34.691,True
enc_res_x265_mv_offline_2k_game_streamer_33.mp4,enc_res_kingsoft_v1_mv_offline_2k_v1_game_streamer_38.mp4,psnr,34.15,True
enc_res_x265_mv_offline_2k_game_streamer_33.mp4,enc_res_kingsoft_v1_mv_offline_2k_v1_game_streamer_40.mp4,psnr,33.581,True
enc_res_x265_mv_offline_2k_game_streamer_33.mp4,enc_res_kingsoft_v2_mv_offline_2k_game_streamer_33.mp4,psnr,33.235,True
enc_res_x265_mv_offline_2k_game_streamer_33.mp4,enc_res_kingsoft_v2_mv_offline_2k_game_streamer_36.mp4,psnr,32.855,True
enc_res_x265_mv_offline_2k_game_streamer_33.mp4,enc_res_kingsoft_v2_mv_offline_2k_game_streamer_39.mp4,psnr,32.403,True
enc_res_x265_mv_offline_2k_game_streamer_33.mp4,enc_res_kingsoft_v3_mv_offline_2k_game_streamer_32.mp4,psnr,35.018,True
enc_res_x265_mv_offline_2k_game_streamer_33.mp4,enc_res_kingsoft_v3_mv_offline_2k_game_streamer_34.mp4,psnr,34.203,True
enc_res_x265_mv_offline_2k_game_streamer_33.mp4,enc_res_kingsoft_v3_mv_offline_2k_game_streamer_36.mp4,psnr,33.214,True
enc_res_x265_mv_offline_2k_game_streamer_33.mp4,enc_res_svt_av1_mv_offline_2k_game_streamer_54.mp4,psnr,34.747,True
enc_res_x265_mv_offline_2k_game_streamer_33.mp4,enc_res_svt_av1_mv_offline_2k_game_streamer_60.mp4,psnr,33.872,True
enc_res_x265_mv_offline_2k_game_streamer_33.mp4,enc_res_svt_av1_mv_offline_2k_game_streamer_63.mp4,psnr,32.778,True
enc_res_x265_mv_offline_2k_game_streamer_33.mp4,enc_res_svt_hevc_mv_offline_2k_game_streamer_34.mp4,psnr,34.193,True
enc_res_x265_mv_offline_2k_game_streamer_33.mp4,enc_res_svt_hevc_mv_offline_2k_game_streamer_36.mp4,psnr,33.454,True
enc_res_x265_mv_offline_2k_game_streamer_33.mp4,enc_res_svt_hevc_mv_offline_2k_game_streamer_39.mp4,psnr,32.254,True
enc_res_x265_mv_offline_2k_game_streamer_33.mp4,enc_res_svt_vp9_mv_offline_2k_game_streamer_60.mp4,psnr,33.306,True
enc_res_x265_mv_offline_2k_game_streamer_33.mp4,enc_res_svt_vp9_mv_offline_2k_game_streamer_63.mp4,psnr,32.361,True
enc_res_x265_mv_offline_2k_game_streamer_33.mp4,enc_res_x264_mv_offline_2k_game_streamer_32.mp4,psnr,34.551,True
enc_res_x265_mv_offline_2k_game_streamer_33.mp4,enc_res_x264_mv_offline_2k_game_streamer_34.mp4,psnr,33.493,True
enc_res_x265_mv_offline_2k_game_streamer_33.mp4,enc_res_x264_mv_offline_2k_game_streamer_36.mp4,psnr,32.372,True
enc_res_x265_mv_offline_2k_happy_dog_31.mp4,enc_res_kingsoft_v1_mv_offline_2k_v1_happy_dog_36.mp4,psnr,41.223,True
enc_res_x265_mv_offline_2k_happy_dog_31.mp4,enc_res_kingsoft_v1_mv_offline_2k_v1_happy_dog_42.mp4,psnr,39.616,True
enc_res_x265_mv_offline_2k_happy_dog_31.mp4,enc_res_kingsoft_v1_mv_offline_2k_v1_happy_dog_47.mp4,psnr,37.243,True
enc_res_x265_mv_offline_2k_happy_dog_31.mp4,enc_res_kingsoft_v2_mv_offline_2k_happy_dog_40.mp4,psnr,37.989,True
enc_res_x265_mv_offline_2k_happy_dog_31.mp4,enc_res_kingsoft_v2_mv_offline_2k_happy_dog_45.mp4,psnr,37.551,True
enc_res_x265_mv_offline_2k_happy_dog_31.mp4,enc_res_kingsoft_v2_mv_offline_2k_happy_dog_50.mp4,psnr,36.335,True
enc_res_x265_mv_offline_2k_happy_dog_31.mp4,enc_res_kingsoft_v3_mv_offline_2k_happy_dog_29.mp4,psnr,41.307,True
enc_res_x265_mv_offline_2k_happy_dog_31.mp4,enc_res_kingsoft_v3_mv_offline_2k_happy_dog_34.mp4,psnr,39.694,True
enc_res_x265_mv_offline_2k_happy_dog_31.mp4,enc_res_kingsoft_v3_mv_offline_2k_happy_dog_40.mp4,psnr,36.547,True
enc_res_x265_mv_offline_2k_happy_dog_31.mp4,enc_res_svt_av1_mv_offline_2k_happy_dog_52.mp4,psnr,41.078,True
enc_res_x265_mv_offline_2k_happy_dog_31.mp4,enc_res_svt_av1_mv_offline_2k_happy_dog_60.mp4,psnr,39.622,True
enc_res_x265_mv_offline_2k_happy_dog_31.mp4,enc_res_svt_av1_mv_offline_2k_happy_dog_63.mp4,psnr,38.083,True
enc_res_x265_mv_offline_2k_happy_dog_31.mp4,enc_res_svt_hevc_mv_offline_2k_happy_dog_33.mp4,psnr,40.277,True
enc_res_x265_mv_offline_2k_happy_dog_31.mp4,enc_res_svt_hevc_mv_offline_2k_happy_dog_38.mp4,psnr,38.428,True
enc_res_x265_mv_offline_2k_happy_dog_31.mp4,enc_res_svt_hevc_mv_offline_2k_happy_dog_43.mp4,psnr,36.033,True
enc_res_x265_mv_offline_2k_happy_dog_31.mp4,enc_res_svt_vp9_mv_offline_2k_happy_dog_56.mp4,psnr,39.742,True
enc_res_x265_mv_offline_2k_happy_dog_31.mp4,enc_res_svt_vp9_mv_offline_2k_happy_dog_63.mp4,psnr,37.372,True
enc_res_x265_mv_offline_2k_happy_dog_31.mp4,enc_res_x264_mv_offline_2k_happy_dog_32.mp4,psnr,39.191,True
enc_res_x265_mv_offline_2k_happy_dog_31.mp4,enc_res_x264_mv_offline_2k_happy_dog_38.mp4,psnr,35.778,True
enc_res_x265_mv_offline_2k_happy_dog_31.mp4,enc_res_x264_mv_offline_2k_happy_dog_48.mp4,psnr,30.254,True
enc_res_x265_mv_offline_2k_light_show_24.mp4,enc_res_kingsoft_v1_mv_offline_2k_v1_light_show_29.mp4,psnr,47.613,True
enc_res_x265_mv_offline_2k_light_show_24.mp4,enc_res_kingsoft_v1_mv_offline_2k_v1_light_show_34.mp4,psnr,46.41,True
enc_res_x265_mv_offline_2k_light_show_24.mp4,enc_res_kingsoft_v1_mv_offline_2k_v1_light_show_40.mp4,psnr,44.497,True
enc_res_x265_mv_offline_2k_light_show_24.mp4,enc_res_kingsoft_v2_mv_offline_2k_light_show_29.mp4,psnr,41.308,True
enc_res_x265_mv_offline_2k_light_show_24.mp4,enc_res_kingsoft_v2_mv_offline_2k_light_show_35.mp4,psnr,41.028,True
enc_res_x265_mv_offline_2k_light_show_24.mp4,enc_res_kingsoft_v2_mv_offline_2k_light_show_41.mp4,psnr,40.487,True
enc_res_x265_mv_offline_2k_light_show_24.mp4,enc_res_kingsoft_v3_mv_offline_2k_light_show_26.mp4,psnr,47.677,True
enc_res_x265_mv_offline_2k_light_show_24.mp4,enc_res_kingsoft_v3_mv_offline_2k_light_show_30.mp4,psnr,46.233,True
enc_res_x265_mv_offline_2k_light_show_24.mp4,enc_res_kingsoft_v3_mv_offline_2k_light_show_35.mp4,psnr,43.996,True
enc_res_x265_mv_offline_2k_light_show_24.mp4,enc_res_svt_av1_mv_offline_2k_light_show_34.mp4,psnr,47.565,True
enc_res_x265_mv_offline_2k_light_show_24.mp4,enc_res_svt_av1_mv_offline_2k_light_show_42.mp4,psnr,46.363,True
enc_res_x265_mv_offline_2k_light_show_24.mp4,enc_res_svt_av1_mv_offline_2k_light_show_52.mp4,psnr,44.389,True
enc_res_x265_mv_offline_2k_light_show_24.mp4,enc_res_svt_hevc_mv_offline_2k_light_show_25.mp4,psnr,46.809,True
enc_res_x265_mv_offline_2k_light_show_24.mp4,enc_res_svt_hevc_mv_offline_2k_light_show_30.mp4,psnr,44.802,True
enc_res_x265_mv_offline_2k_light_show_24.mp4,enc_res_svt_hevc_mv_offline_2k_light_show_36.mp4,psnr,42.395,True
enc_res_x265_mv_offline_2k_light_show_24.mp4,enc_res_svt_vp9_mv_offline_2k_light_show_40.mp4,psnr,46.274,True
enc_res_x265_mv_offline_2k_light_show_24.mp4,enc_res_svt_vp9_mv_offline_2k_light_show_49.mp4,psnr,44.559,True
enc_res_x265_mv_offline_2k_light_show_24.mp4,enc_res_svt_vp9_mv_offline_2k_light_show_59.mp4,psnr,42.325,True
enc_res_x265_mv_offline_2k_light_show_24.mp4,enc_res_x264_mv_offline_2k_light_show_26.mp4,psnr,46.287,True
enc_res_x265_mv_offline_2k_light_show_24.mp4,enc_res_x264_mv_offline_2k_light_show_31.mp4,psnr,43.904,True
enc_res_x265_mv_offline_2k_light_show_24.mp4,enc_res_x264_mv_offline_2k_light_show_38.mp4,psnr,40.065,True
enc_res_x265_mv_offline_2k_mountain_dog_32.mp4,enc_res_kingsoft_v1_mv_offline_2k_v1_mountain_dog_35.mp4,psnr,41.987,True
enc_res_x265_mv_offline_2k_mountain_dog_32.mp4,enc_res_kingsoft_v1_mv_offline_2k_v1_mountain_dog_39.mp4,psnr,41.55,True
enc_res_x265_mv_offline_2k_mountain_dog_32.mp4,enc_res_kingsoft_v1_mv_offline_2k_v1_mountain_dog_42.mp4,psnr,40.935,True
enc_res_x265_mv_offline_2k_mountain_dog_32.mp4,enc_res_kingsoft_v2_mv_offline_2k_mountain_dog_36.mp4,psnr,40.344,True
enc_res_x265_mv_offline_2k_mountain_dog_32.mp4,enc_res_kingsoft_v2_mv_offline_2k_mountain_dog_40.mp4,psnr,40.048,True
enc_res_x265_mv_offline_2k_mountain_dog_32.mp4,enc_res_kingsoft_v2_mv_offline_2k_mountain_dog_44.mp4,psnr,39.523,True
enc_res_x265_mv_offline_2k_mountain_dog_32.mp4,enc_res_kingsoft_v3_mv_offline_2k_mountain_dog_29.mp4,psnr,41.956,True
enc_res_x265_mv_offline_2k_mountain_dog_32.mp4,enc_res_kingsoft_v3_mv_offline_2k_mountain_dog_31.mp4,psnr,41.774,True
enc_res_x265_mv_offline_2k_mountain_dog_32.mp4,enc_res_kingsoft_v3_mv_offline_2k_mountain_dog_34.mp4,psnr,41.171,True
enc_res_x265_mv_offline_2k_mountain_dog_32.mp4,enc_res_svt_av1_mv_offline_2k_mountain_dog_50.mp4,psnr,41.709,True
enc_res_x265_mv_offline_2k_mountain_dog_32.mp4,enc_res_svt_av1_mv_offline_2k_mountain_dog_56.mp4,psnr,41.035,True
enc_res_x265_mv_offline_2k_mountain_dog_32.mp4,enc_res_svt_av1_mv_offline_2k_mountain_dog_60.mp4,psnr,40.227,True
enc_res_x265_mv_offline_2k_mountain_dog_32.mp4,enc_res_svt_hevc_mv_offline_2k_mountain_dog_31.mp4,psnr,41.368,True
enc_res_x265_mv_offline_2k_mountain_dog_32.mp4,enc_res_svt_hevc_mv_offline_2k_mountain_dog_35.mp4,psnr,40.276,True
enc_res_x265_mv_offline_2k_mountain_dog_32.mp4,enc_res_svt_hevc_mv_offline_2k_mountain_dog_38.mp4,psnr,39.246,True
enc_res_x265_mv_offline_2k_mountain_dog_32.mp4,enc_res_svt_vp9_mv_offline_2k_mountain_dog_53.mp4,psnr,40.545,True
enc_res_x265_mv_offline_2k_mountain_dog_32.mp4,enc_res_svt_vp9_mv_offline_2k_mountain_dog_59.mp4,psnr,39.553,True
enc_res_x265_mv_offline_2k_mountain_dog_32.mp4,enc_res_svt_vp9_mv_offline_2k_mountain_dog_63.mp4,psnr,38.197,True
enc_res_x265_mv_offline_2k_mountain_dog_32.mp4,enc_res_x264_mv_offline_2k_mountain_dog_32.mp4,psnr,40.395,True
enc_res_x265_mv_offline_2k_mountain_dog_32.mp4,enc_res_x264_mv_offline_2k_mountain_dog_34.mp4,psnr,39.522,True
enc_res_x265_mv_offline_2k_mountain_dog_32.mp4,enc_res_x264_mv_offline_2k_mountain_dog_37.mp4,psnr,38.004,True
enc_res_x265_mv_offline_2k_pool_underwater_36.mp4,enc_res_kingsoft_v1_mv_offline_2k_v1_pool_underwater_41.mp4,psnr,36.358,True
enc_res_x265_mv_offline_2k_pool_underwater_36.mp4,enc_res_kingsoft_v1_mv_offline_2k_v1_pool_underwater_45.mp4,psnr,35.034,True
enc_res_x265_mv_offline_2k_pool_underwater_36.mp4,enc_res_kingsoft_v1_mv_offline_2k_v1_pool_underwater_50.mp4,psnr,33.656,True
enc_res_x265_mv_offline_2k_pool_underwater_36.mp4,enc_res_kingsoft_v2_mv_offline_2k_pool_underwater_41.mp4,psnr,34.67,True
enc_res_x265_mv_offline_2k_pool_underwater_36.mp4,enc_res_kingsoft_v2_mv_offline_2k_pool_underwater_45.mp4,psnr,33.943,True
enc_res_x265_mv_offline_2k_pool_underwater_36.mp4,enc_res_kingsoft_v2_mv_offline_2k_pool_underwater_50.mp4,psnr,32.872,True
enc_res_x265_mv_offline_2k_pool_underwater_36.mp4,enc_res_kingsoft_v3_mv_offline_2k_pool_underwater_33.mp4,psnr,36.8,True
enc_res_x265_mv_offline_2k_pool_underwater_36.mp4,enc_res_kingsoft_v3_mv_offline_2k_pool_underwater_37.mp4,psnr,35.425,True
enc_res_x265_mv_offline_2k_pool_underwater_36.mp4,enc_res_kingsoft_v3_mv_offline_2k_pool_underwater_40.mp4,psnr,33.831,True
enc_res_x265_mv_offline_2k_pool_underwater_36.mp4,enc_res_svt_av1_mv_offline_2k_pool_underwater_58.mp4,psnr,36.073,True
enc_res_x265_mv_offline_2k_pool_underwater_36.mp4,enc_res_svt_av1_mv_offline_2k_pool_underwater_63.mp4,psnr,34.318,True
enc_res_x265_mv_offline_2k_pool_underwater_36.mp4,enc_res_svt_hevc_mv_offline_2k_pool_underwater_36.mp4,psnr,35.58,True
enc_res_x265_mv_offline_2k_pool_underwater_36.mp4,enc_res_svt_hevc_mv_offline_2k_pool_underwater_40.mp4,psnr,33.888,True
enc_res_x265_mv_offline_2k_pool_underwater_36.mp4,enc_res_svt_hevc_mv_offline_2k_pool_underwater_43.mp4,psnr,32.697,True
enc_res_x265_mv_offline_2k_pool_underwater_36.mp4,enc_res_svt_vp9_mv_offline_2k_pool_underwater_60.mp4,psnr,34.824,True
enc_res_x265_mv_offline_2k_pool_underwater_36.mp4,enc_res_svt_vp9_mv_offline_2k_pool_underwater_63.mp4,psnr,33.479,True
enc_res_x265_mv_offline_2k_pool_underwater_36.mp4,enc_res_x264_mv_offline_2k_pool_underwater_35.mp4,psnr,34.871,True
enc_res_x265_mv_offline_2k_pool_underwater_36.mp4,enc_res_x264_mv_offline_2k_pool_underwater_39.mp4,psnr,32.653,True
enc_res_x265_mv_offline_2k_pool_underwater_36.mp4,enc_res_x264_mv_offline_2k_pool_underwater_42.mp4,psnr,31.102,True
enc_res_x265_mv_offline_2k_pumba_29.mp4,enc_res_kingsoft_v1_mv_offline_2k_v1_pumba_33.mp4,psnr,43.065,True
enc_res_x265_mv_offline_2k_pumba_29.mp4,enc_res_kingsoft_v1_mv_offline_2k_v1_pumba_37.mp4,psnr,41.906,True
enc_res_x265_mv_offline_2k_pumba_29.mp4,enc_res_kingsoft_v1_mv_offline_2k_v1_pumba_41.mp4,psnr,40.456,True
enc_res_x265_mv_offline_2k_pumba_29.mp4,enc_res_kingsoft_v2_mv_offline_2k_pumba_31.mp4,psnr,37.857,True
enc_res_x265_mv_offline_2k_pumba_29.mp4,enc_res_kingsoft_v2_mv_offline_2k_pumba_36.mp4,psnr,37.652,True
enc_res_x265_mv_offline_2k_pumba_29.mp4,enc_res_kingsoft_v2_mv_offline_2k_pumba_42.mp4,psnr,37.197,True
enc_res_x265_mv_offline_2k_pumba_29.mp4,enc_res_kingsoft_v3_mv_offline_2k_pumba_30.mp4,psnr,43.882,True
enc_res_x265_mv_offline_2k_pumba_29.mp4,enc_res_kingsoft_v3_mv_offline_2k_pumba_33.mp4,psnr,42.582,True
enc_res_x265_mv_offline_2k_pumba_29.mp4,enc_res_kingsoft_v3_mv_offline_2k_pumba_37.mp4,psnr,40.424,True
enc_res_x265_mv_offline_2k_pumba_29.mp4,enc_res_svt_av1_mv_offline_2k_pumba_42.mp4,psnr,43.212,True
enc_res_x265_mv_offline_2k_pumba_29.mp4,enc_res_svt_av1_mv_offline_2k_pumba_50.mp4,psnr,41.827,True
enc_res_x265_mv_offline_2k_pumba_29.mp4,enc_res_svt_av1_mv_offline_2k_pumba_56.mp4,psnr,40.414,True
enc_res_x265_mv_offline_2k_pumba_29.mp4,enc_res_svt_hevc_mv_offline_2k_pumba_29.mp4,psnr,42.671,True
enc_res_x265_mv_offline_2k_pumba_29.mp4,enc_res_svt_hevc_mv_offline_2k_pumba_33.mp4,psnr,40.784,True
enc_res_x265_mv_offline_2k_pumba_29.mp4,enc_res_svt_hevc_mv_offline_2k_pumba_37.mp4,psnr,38.924,True
enc_res_x265_mv_offline_2k_pumba_29.mp4,enc_res_svt_vp9_mv_offline_2k_pumba_50.mp4,psnr,40.679,True
enc_res_x265_mv_offline_2k_pumba_29.mp4,enc_res_svt_vp9_mv_offline_2k_pumba_58.mp4,psnr,38.948,True
enc_res_x265_mv_offline_2k_pumba_29.mp4,enc_res_svt_vp9_mv_offline_2k_pumba_62.mp4,psnr,37.703,True
enc_res_x265_mv_offline_2k_pumba_29.mp4,enc_res_x264_mv_offline_2k_pumba_31.mp4,psnr,40.18,True
enc_res_x265_mv_offline_2k_pumba_29.mp4,enc_res_x264_mv_offline_2k_pumba_34.mp4,psnr,38.595,True
enc_res_x265_mv_offline_2k_pumba_29.mp4,enc_res_x264_mv_offline_2k_pumba_38.mp4,psnr,36.663,True
Reference,Distorted,Metric,Metric_val,Mask
enc_res_x265_mv_offline_2k_tourist_26.mp4,enc_res_kingsoft_v1_mv_offline_2k_v1_tourist_30.mp4,psnr,36.663,True
enc_res_x265_mv_offline_2k_tourist_26.mp4,enc_res_kingsoft_v1_mv_offline_2k_v1_tourist_35.mp4,psnr,36.663,True
enc_res_x265_mv_offline_2k_tourist_26.mp4,enc_res_kingsoft_v1_mv_offline_2k_v1_tourist_41.mp4,psnr,36.663,True
enc_res_x265_mv_offline_2k_tourist_26.mp4,enc_res_kingsoft_v2_mv_offline_2k_tourist_33.mp4,psnr,36.663,True
enc_res_x265_mv_offline_2k_tourist_26.mp4,enc_res_kingsoft_v2_mv_offline_2k_tourist_39.mp4,psnr,36.663,True
enc_res_x265_mv_offline_2k_tourist_26.mp4,enc_res_kingsoft_v2_mv_offline_2k_tourist_45.mp4,psnr,36.663,True
enc_res_x265_mv_offline_2k_tourist_26.mp4,enc_res_kingsoft_v3_mv_offline_2k_tourist_26.mp4,psnr,36.663,True
enc_res_x265_mv_offline_2k_tourist_26.mp4,enc_res_kingsoft_v3_mv_offline_2k_tourist_30.mp4,psnr,36.663,True
enc_res_x265_mv_offline_2k_tourist_26.mp4,enc_res_kingsoft_v3_mv_offline_2k_tourist_35.mp4,psnr,36.663,True
enc_res_x265_mv_offline_2k_tourist_26.mp4,enc_res_svt_av1_mv_offline_2k_tourist_40.mp4,psnr,36.663,True
enc_res_x265_mv_offline_2k_tourist_26.mp4,enc_res_svt_av1_mv_offline_2k_tourist_50.mp4,psnr,36.663,True
enc_res_x265_mv_offline_2k_tourist_26.mp4,enc_res_svt_av1_mv_offline_2k_tourist_58.mp4,psnr,36.663,True
enc_res_x265_mv_offline_2k_tourist_26.mp4,enc_res_svt_hevc_mv_offline_2k_tourist_27.mp4,psnr,36.663,True
enc_res_x265_mv_offline_2k_tourist_26.mp4,enc_res_svt_hevc_mv_offline_2k_tourist_32.mp4,psnr,36.663,True
enc_res_x265_mv_offline_2k_tourist_26.mp4,enc_res_svt_hevc_mv_offline_2k_tourist_38.mp4,psnr,36.663,True
enc_res_x265_mv_offline_2k_tourist_26.mp4,enc_res_svt_vp9_mv_offline_2k_tourist_47.mp4,psnr,36.663,True
enc_res_x265_mv_offline_2k_tourist_26.mp4,enc_res_svt_vp9_mv_offline_2k_tourist_57.mp4,psnr,36.663,True
enc_res_x265_mv_offline_2k_tourist_26.mp4,enc_res_svt_vp9_mv_offline_2k_tourist_63.mp4,psnr,36.663,True
enc_res_x265_mv_offline_2k_tourist_26.mp4,enc_res_x264_mv_offline_2k_tourist_25.mp4,psnr,36.663,True
enc_res_x265_mv_offline_2k_tourist_26.mp4,enc_res_x264_mv_offline_2k_tourist_31.mp4,psnr,36.663,True
enc_res_x265_mv_offline_2k_tourist_26.mp4,enc_res_x264_mv_offline_2k_tourist_37.mp4,psnr,36.663,True
enc_res_x265_mv_offline_2k_winter_riding_37.mp4,enc_res_kingsoft_v1_mv_offline_2k_v1_winter_riding_42.mp4,psnr,36.663,True
enc_res_x265_mv_offline_2k_winter_riding_37.mp4,enc_res_kingsoft_v1_mv_offline_2k_v1_winter_riding_46.mp4,psnr,36.663,True
enc_res_x265_mv_offline_2k_winter_riding_37.mp4,enc_res_kingsoft_v1_mv_offline_2k_v1_winter_riding_51.mp4,psnr,36.663,True
enc_res_x265_mv_offline_2k_winter_riding_37.mp4,enc_res_kingsoft_v2_mv_offline_2k_winter_riding_44.mp4,psnr,36.663,True
enc_res_x265_mv_offline_2k_winter_riding_37.mp4,enc_res_kingsoft_v2_mv_offline_2k_winter_riding_50.mp4,psnr,36.663,True
enc_res_x265_mv_offline_2k_winter_riding_37.mp4,enc_res_kingsoft_v2_mv_offline_2k_winter_riding_51.mp4,psnr,36.663,True
enc_res_x265_mv_offline_2k_winter_riding_37.mp4,enc_res_kingsoft_v3_mv_offline_2k_winter_riding_33.mp4,psnr,36.663,True
enc_res_x265_mv_offline_2k_winter_riding_37.mp4,enc_res_kingsoft_v3_mv_offline_2k_winter_riding_37.mp4,psnr,36.663,True
enc_res_x265_mv_offline_2k_winter_riding_37.mp4,enc_res_kingsoft_v3_mv_offline_2k_winter_riding_41.mp4,psnr,36.663,True
enc_res_x265_mv_offline_2k_winter_riding_37.mp4,enc_res_svt_av1_mv_offline_2k_winter_riding_61.mp4,psnr,36.663,True
enc_res_x265_mv_offline_2k_winter_riding_37.mp4,enc_res_svt_av1_mv_offline_2k_winter_riding_63.mp4,psnr,36.663,True
enc_res_x265_mv_offline_2k_winter_riding_37.mp4,enc_res_svt_hevc_mv_offline_2k_winter_riding_38.mp4,psnr,36.663,True
enc_res_x265_mv_offline_2k_winter_riding_37.mp4,enc_res_svt_hevc_mv_offline_2k_winter_riding_42.mp4,psnr,36.663,True
enc_res_x265_mv_offline_2k_winter_riding_37.mp4,enc_res_svt_hevc_mv_offline_2k_winter_riding_46.mp4,psnr,36.663,True
enc_res_x265_mv_offline_2k_winter_riding_37.mp4,enc_res_svt_vp9_mv_offline_2k_winter_riding_62.mp4,psnr,36.663,True
enc_res_x265_mv_offline_2k_winter_riding_37.mp4,enc_res_svt_vp9_mv_offline_2k_winter_riding_63.mp4,psnr,36.663,True
enc_res_x265_mv_offline_2k_winter_riding_37.mp4,enc_res_x264_mv_offline_2k_winter_riding_35.mp4,psnr,36.663,True
enc_res_x265_mv_offline_2k_winter_riding_37.mp4,enc_res_x264_mv_offline_2k_winter_riding_40.mp4,psnr,36.663,True
enc_res_x265_mv_offline_2k_winter_riding_37.mp4,enc_res_x264_mv_offline_2k_winter_riding_45.mp4,psnr,36.663,True
Reference,Distorted,Metric,Metric_val,Mask
enc_res_x265_mv_offline_2k_tourist_26.mp4,enc_res_kingsoft_v1_mv_offline_2k_v1_tourist_30.mp4,psnr,44.138,True
enc_res_x265_mv_offline_2k_tourist_26.mp4,enc_res_kingsoft_v1_mv_offline_2k_v1_tourist_35.mp4,psnr,42.915,True
enc_res_x265_mv_offline_2k_tourist_26.mp4,enc_res_kingsoft_v1_mv_offline_2k_v1_tourist_41.mp4,psnr,40.735,True
enc_res_x265_mv_offline_2k_tourist_26.mp4,enc_res_kingsoft_v2_mv_offline_2k_tourist_33.mp4,psnr,37.293,True
enc_res_x265_mv_offline_2k_tourist_26.mp4,enc_res_kingsoft_v2_mv_offline_2k_tourist_39.mp4,psnr,37.145,True
enc_res_x265_mv_offline_2k_tourist_26.mp4,enc_res_kingsoft_v2_mv_offline_2k_tourist_45.mp4,psnr,36.743,True
enc_res_x265_mv_offline_2k_tourist_26.mp4,enc_res_kingsoft_v3_mv_offline_2k_tourist_26.mp4,psnr,44.414,True
enc_res_x265_mv_offline_2k_tourist_26.mp4,enc_res_kingsoft_v3_mv_offline_2k_tourist_30.mp4,psnr,43.017,True
enc_res_x265_mv_offline_2k_tourist_26.mp4,enc_res_kingsoft_v3_mv_offline_2k_tourist_35.mp4,psnr,40.538,True
enc_res_x265_mv_offline_2k_tourist_26.mp4,enc_res_svt_av1_mv_offline_2k_tourist_40.mp4,psnr,44.1,True
enc_res_x265_mv_offline_2k_tourist_26.mp4,enc_res_svt_av1_mv_offline_2k_tourist_50.mp4,psnr,42.65,True
enc_res_x265_mv_offline_2k_tourist_26.mp4,enc_res_svt_av1_mv_offline_2k_tourist_58.mp4,psnr,40.941,True
enc_res_x265_mv_offline_2k_tourist_26.mp4,enc_res_svt_hevc_mv_offline_2k_tourist_27.mp4,psnr,44.143,True
enc_res_x265_mv_offline_2k_tourist_26.mp4,enc_res_svt_hevc_mv_offline_2k_tourist_32.mp4,psnr,42.131,True
enc_res_x265_mv_offline_2k_tourist_26.mp4,enc_res_svt_hevc_mv_offline_2k_tourist_38.mp4,psnr,39.068,True
enc_res_x265_mv_offline_2k_tourist_26.mp4,enc_res_svt_vp9_mv_offline_2k_tourist_47.mp4,psnr,42.796,True
enc_res_x265_mv_offline_2k_tourist_26.mp4,enc_res_svt_vp9_mv_offline_2k_tourist_57.mp4,psnr,40.679,True
enc_res_x265_mv_offline_2k_tourist_26.mp4,enc_res_svt_vp9_mv_offline_2k_tourist_63.mp4,psnr,38.361,True
enc_res_x265_mv_offline_2k_tourist_26.mp4,enc_res_x264_mv_offline_2k_tourist_25.mp4,psnr,43.383,True
enc_res_x265_mv_offline_2k_tourist_26.mp4,enc_res_x264_mv_offline_2k_tourist_31.mp4,psnr,40.188,True
enc_res_x265_mv_offline_2k_tourist_26.mp4,enc_res_x264_mv_offline_2k_tourist_37.mp4,psnr,36.387,True
enc_res_x265_mv_offline_2k_winter_riding_37.mp4,enc_res_kingsoft_v1_mv_offline_2k_v1_winter_riding_42.mp4,psnr,34.449,True
enc_res_x265_mv_offline_2k_winter_riding_37.mp4,enc_res_kingsoft_v1_mv_offline_2k_v1_winter_riding_46.mp4,psnr,33.054,True
enc_res_x265_mv_offline_2k_winter_riding_37.mp4,enc_res_kingsoft_v1_mv_offline_2k_v1_winter_riding_51.mp4,psnr,32.495,True
enc_res_x265_mv_offline_2k_winter_riding_37.mp4,enc_res_kingsoft_v2_mv_offline_2k_winter_riding_44.mp4,psnr,32.837,True
enc_res_x265_mv_offline_2k_winter_riding_37.mp4,enc_res_kingsoft_v2_mv_offline_2k_winter_riding_50.mp4,psnr,32.287,True
enc_res_x265_mv_offline_2k_winter_riding_37.mp4,enc_res_kingsoft_v2_mv_offline_2k_winter_riding_51.mp4,psnr,32.256,True
enc_res_x265_mv_offline_2k_winter_riding_37.mp4,enc_res_kingsoft_v3_mv_offline_2k_winter_riding_33.mp4,psnr,34.897,True
enc_res_x265_mv_offline_2k_winter_riding_37.mp4,enc_res_kingsoft_v3_mv_offline_2k_winter_riding_37.mp4,psnr,33.308,True
enc_res_x265_mv_offline_2k_winter_riding_37.mp4,enc_res_kingsoft_v3_mv_offline_2k_winter_riding_41.mp4,psnr,31.075,True
enc_res_x265_mv_offline_2k_winter_riding_37.mp4,enc_res_svt_av1_mv_offline_2k_winter_riding_61.mp4,psnr,34.34,True
enc_res_x265_mv_offline_2k_winter_riding_37.mp4,enc_res_svt_av1_mv_offline_2k_winter_riding_63.mp4,psnr,33.49,True
enc_res_x265_mv_offline_2k_winter_riding_37.mp4,enc_res_svt_hevc_mv_offline_2k_winter_riding_38.mp4,psnr,33.781,True
enc_res_x265_mv_offline_2k_winter_riding_37.mp4,enc_res_svt_hevc_mv_offline_2k_winter_riding_42.mp4,psnr,32.171,True
enc_res_x265_mv_offline_2k_winter_riding_37.mp4,enc_res_svt_hevc_mv_offline_2k_winter_riding_46.mp4,psnr,30.4,True
enc_res_x265_mv_offline_2k_winter_riding_37.mp4,enc_res_svt_vp9_mv_offline_2k_winter_riding_62.mp4,psnr,33.325,True
enc_res_x265_mv_offline_2k_winter_riding_37.mp4,enc_res_svt_vp9_mv_offline_2k_winter_riding_63.mp4,psnr,32.767,True
enc_res_x265_mv_offline_2k_winter_riding_37.mp4,enc_res_x264_mv_offline_2k_winter_riding_35.mp4,psnr,33.736,True
enc_res_x265_mv_offline_2k_winter_riding_37.mp4,enc_res_x264_mv_offline_2k_winter_riding_40.mp4,psnr,31.106,True
enc_res_x265_mv_offline_2k_winter_riding_37.mp4,enc_res_x264_mv_offline_2k_winter_riding_45.mp4,psnr,28.196,True
